{
	"pools": [
		{
			"rolls": 1,
			"entries": [
				{
					"type": "minecraft:item",
					"name": "minecraft:ink_sac",
					"functions": [
						{
							"function": "minecraft:set_nbt",
							"tag": "{display:{Name:'{\"italic\":false,\"translate\":\"item.ems.empty_pen_and_ink\"}'},id:'ems:pen_and_ink',CustomModelData:12910011,ink:8b}"
						},
						{
							"function": "minecraft:set_lore",
							"lore": [{"translate":"text.ems.1","italic":false,"color":"yellow"}]
						},
						{
							"function": "minecraft:set_lore",
							"lore": [{"translate":" ","italic":false,"color":"yellow"}]
						},
                                                                                                {
							"function": "minecraft:set_lore",
							"lore": [{"translate":"text..ems.remaining_ink","italic":false,"color":"yellow"}]
						},
                                                                                                {
							"function": "minecraft:set_lore",
							"lore": ["§70/8"]
						}
					]
				}
			]
		}
	]
}